"DESCRIPTION","DURATION IN MS","NAME","PARENT SUITE","START TIME","STATUS","STOP TIME","SUB SUITE","SUITE","TEST CLASS","TEST METHOD"
"","16833","Should update museum with correct data","","2026-06-01","passed","2026-06-01","","[WEB] Museums tests","org.rococo.tests.tests.web.MuseumsWebTest","shouldUpdateMuseumWithCorrectDataTest"
"","564","Can get painting by id","","2026-06-01","passed","2026-06-01","","[GRPC] Paintings tests","org.rococo.tests.tests.fake.grpc.PaintingGrpcTest","canGetPaintingByIdTest"
"","347","Can not update artist name to exist","","2026-06-01","passed","2026-06-01","","[GRPC] Artists tests","org.rococo.tests.tests.fake.grpc.ArtistGrpcTest","canNotUpdateArtistNameToExistTest"
"","482","Can not create museum with exists name","","2026-06-01","passed","2026-06-01","","[API] Museums tests","org.rococo.tests.tests.api.MuseumApiTest","canNotCreateMuseumWithExistsNameTest"
"","598","Can get all users","","2026-06-01","passed","2026-06-01","","[API] Users tests","org.rococo.tests.tests.api.UserApiTest","canGetAllUsersTest"
"","7329","Check paintings found by filtered search","","2026-06-01","passed","2026-06-01","","[WEB] Paintings tests","org.rococo.tests.tests.web.PaintingsWebTests","shouldFindPaintingsWithFilterTest"
"","884","Can get artist by name","","2026-06-01","passed","2026-06-01","","[GRPC] Artists tests","org.rococo.tests.tests.fake.grpc.ArtistGrpcTest","canGetArtistByName"
"","569","Can update museum","","2026-06-01","passed","2026-06-01","","[API] Museums tests","org.rococo.tests.tests.api.MuseumApiTest","canUpdateMuseumTest"
"","465","Can not create painting with unknown artist","","2026-06-01","passed","2026-06-01","","[API] Paintings tests","org.rococo.tests.tests.api.PaintingApiTest","canNotCreatePaintingWithUnknownArtistTest"
"","195","Can get museum by title","","2026-06-01","passed","2026-06-01","","[DB] Museums tests","org.rococo.tests.tests.fake.db.MuseumDbTest","canGetMuseumByTitle"
"","419","Returns Optional.empty() if search museum by unknown id","","2026-06-01","passed","2026-06-01","","[API] Museums tests","org.rococo.tests.tests.api.MuseumApiTest","canGetEmptyMuseumByUnknownIdTest"
"","19866","Check artist updates if data length is valid Case: [max]","","2026-06-01","passed","2026-06-01","","[WEB] Artists tests","org.rococo.tests.tests.web.ArtistsWebTest","shouldUpdateArtistWithValidLengthDataTest"
"","157","Returns Optional.empty() if search artist by unknown name","","2026-06-01","passed","2026-06-01","","[API] Artists tests","org.rococo.tests.tests.api.ArtistApiTest","canGetEmptyArtistByUnknownNameTest"
"","543","Can not update artist name to exist","","2026-06-01","passed","2026-06-01","","[API] Artists tests","org.rococo.tests.tests.api.ArtistApiTest","canNotUpdateArtistNameToExistTest"
"","363","Can get user by username","","2026-06-01","passed","2026-06-01","","[GRPC] Users tests","org.rococo.tests.tests.fake.grpc.UserGrpcTest","canGetUserByUsername"
"","412","Can not update museum name to exist","","2026-06-01","passed","2026-06-01","","[API] Museums tests","org.rococo.tests.tests.api.MuseumApiTest","canNotUpdateMuseumNameToExistTest"
"","20","Returns Optional.empty() if search country by unknown id","","2026-06-01","passed","2026-06-01","","[GRPC] Countries tests","org.rococo.tests.tests.fake.grpc.CountryGrpcTest","canGetEmptyCountryByUnknownIdTest"
"","138","Should produce user into Kafka","","2026-06-01","passed","2026-06-01","","[Kafka] Users tests","org.rococo.tests.tests.fake.kafka.AuthKafkaTest","userShouldBeProducedToKafkaTest"
"","17003","Check errors visible on add new painting form if fields have greater than max characters length Case: [max + 1]","","2026-06-01","passed","2026-06-01","","[WEB] Paintings tests","org.rococo.tests.tests.web.PaintingsWebTests","shouldDisplayErrorsOnAddAristFormIfPaintingFieldsHaveGreaterThanMaxLengthTest"
"","204","Can create user","","2026-06-01","passed","2026-06-01","","[GRPC] Users tests","org.rococo.tests.tests.fake.grpc.UserGrpcTest","canCreateUserTest"
"","9979","Check errors visible on update artist form if fields have greater than max characters length Case: [min - 1]","","2026-06-01","passed","2026-06-01","","[WEB] Artists tests","org.rococo.tests.tests.web.ArtistsWebTest","shouldVisibleErrorsOnArtistUpdateFormIfArtistFieldsHaveGreaterThanMaxLengthTest"
"","28501","Check errors visible on update museum form if fields have invalid data length Case: [1]","","2026-06-01","passed","2026-06-01","","[WEB] Museums tests","org.rococo.tests.tests.web.MuseumsWebTest","shouldVisibleErrorsOnMuseumUpdateFormIfMuseumFieldsHaveInvalidDataLengthTest"
"","118","Can not create museum with exists name","","2026-06-01","passed","2026-06-01","","[DB] Museums tests","org.rococo.tests.tests.fake.db.MuseumDbTest","canNotCreateMuseumWithExistsNameTest"
"","8088","Check update painting button not exists without authorization","","2026-06-01","passed","2026-06-01","","[WEB] Paintings tests","org.rococo.tests.tests.web.PaintingsWebTests","shouldNotAvailableUpdatePaintingWithoutAuthorizationTest"
"","32","Can get country by code","","2026-06-01","passed","2026-06-01","","[GRPC] Countries tests","org.rococo.tests.tests.fake.grpc.CountryGrpcTest","canGetCountryByCodeTest"
"","675","Can get all museums","","2026-06-01","passed","2026-06-01","","[GRPC] Museums tests","org.rococo.tests.tests.fake.grpc.MuseumGrpcTest","canGetAllMuseumsTest"
"","835","Can not create artist with exists name","","2026-06-01","passed","2026-06-01","","[GRPC] Artists tests","org.rococo.tests.tests.fake.grpc.ArtistGrpcTest","canNotCreateArtistWithExistsNameTest"
"","5457","Check errors displayed if registration data has invalid length Case: [max + 1]","","2026-06-01","passed","2026-06-01","","[WEB] Registration tests","org.rococo.tests.tests.web.RegistrationWebTests","shouldDisplayErrorsIfRegistrationDataLengthIsInvalidTest"
"","195","Can update museum","","2026-06-01","passed","2026-06-01","","[DB] Museums tests","org.rococo.tests.tests.fake.db.MuseumDbTest","canUpdateMuseumTest"
"","19910","Check error displayed on add museum form when uploading image with invalid format","","2026-06-01","passed","2026-06-01","","[WEB] Museums tests","org.rococo.tests.tests.web.MuseumsWebTest","shouldDisplayErrorOnAddMuseumFormWhenUploadingInvalidImageFormat"
"","10459","Check errors visible on update painting form if fields have greater than max characters length Case: [min - 1]","","2026-06-01","failed","2026-06-01","","[WEB] Paintings tests","org.rococo.tests.tests.web.PaintingsWebTests","shouldVisibleErrorsOnPaintingUpdateFormIfPaintingFieldsHaveGreaterThanMaxLengthTest"
"","327","Can not update painting with unknown artist","","2026-06-01","passed","2026-06-01","","[GRPC] Paintings tests","org.rococo.tests.tests.fake.grpc.PaintingGrpcTest","canNotCreatePaintingWithUnknownArtistTest"
"","10264","Check errors visible on add new artist form if fields have greater than max characters length Case: [max + 10]","","2026-06-01","passed","2026-06-01","","[WEB] Artists tests","org.rococo.tests.tests.web.ArtistsWebTest","shouldDisplayErrorsOnAddAristFormIfArtistFieldsHaveGreaterThanMaxLengthTest"
"","11823","Check museum updates if data length is valid Case: [min]","","2026-06-01","failed","2026-06-01","","[WEB] Museums tests","org.rococo.tests.tests.web.MuseumsWebTest","shouldUpdateMuseumWithValidLengthDataTest"
"","766","Can not update painting with unknown museum","","2026-06-01","passed","2026-06-01","","[API] Paintings tests","org.rococo.tests.tests.api.PaintingApiTest","canNotUpdatePaintingWithUnknownMuseumTest"
"","50","Can create artist","","2026-06-01","passed","2026-06-01","","[DB] Artists tests","org.rococo.tests.tests.fake.db.ArtistDbTest","canCreateArtistTest"
"","17796","Check museum updates if data length is valid Case: [max]","","2026-06-01","failed","2026-06-01","","[WEB] Museums tests","org.rococo.tests.tests.web.MuseumsWebTest","shouldUpdateMuseumWithValidLengthDataTest"
"","645","Can not create painting with unknown museum","","2026-06-01","passed","2026-06-01","","[API] Paintings tests","org.rococo.tests.tests.api.PaintingApiTest","canNotCreatePaintingWithUnknownMuseumTest"
"","14998","Check errors visible on update museum form if fields have invalid data length Case: [max + 10]","","2026-06-01","passed","2026-06-01","","[WEB] Museums tests","org.rococo.tests.tests.web.MuseumsWebTest","shouldVisibleErrorsOnMuseumUpdateFormIfMuseumFieldsHaveInvalidDataLengthTest"
"","301","Returns Optional.empty() if search painting by unknown title","","2026-06-01","passed","2026-06-01","","[API] Paintings tests","org.rococo.tests.tests.api.PaintingApiTest","canGetEmptyPaintingByUnknownTitleTest"
"","6638","Check errors visible on add new artist form if fields image has invalid format","","2026-06-01","passed","2026-06-01","","[WEB] Artists tests","org.rococo.tests.tests.web.ArtistsWebTest","shouldDisplayErrorOnAddArtistFormWhenUploadingInvalidImageFormat"
"","15640","Check errors visible on update painting form if fields have greater than max characters length Case: [max + 10]","","2026-06-01","failed","2026-06-01","","[WEB] Paintings tests","org.rococo.tests.tests.web.PaintingsWebTests","shouldVisibleErrorsOnPaintingUpdateFormIfPaintingFieldsHaveGreaterThanMaxLengthTest"
"","13344","Check errors visible on update artist form if fields have greater than max characters length Case: [max + 10]","","2026-06-01","passed","2026-06-01","","[WEB] Artists tests","org.rococo.tests.tests.web.ArtistsWebTest","shouldVisibleErrorsOnArtistUpdateFormIfArtistFieldsHaveGreaterThanMaxLengthTest"
"","23","Check displayed default empty list if artist not exists","","2026-06-01","failed","2026-06-01","","[WEB] Artists tests","org.rococo.tests.tests.web.ArtistsWebTest","shouldDisplayEmptyListWhenArtistsNotExistsTest"
"","8061","Check update museum button not exists without authorization","","2026-06-01","passed","2026-06-01","","[WEB] Museums tests","org.rococo.tests.tests.web.MuseumsWebTest","shouldNotAvailableUpdateMuseumWithoutAuthorizationTest"
"","9","Returns Optional.empty() if search painting by unknown title","","2026-06-01","passed","2026-06-01","","[DB] Paintings tests","org.rococo.tests.tests.fake.db.PaintingDbTest","canGetEmptyPaintingByUnknownTitleTest"
"","7","Returns Optional.empty() if search user by unknown username","","2026-06-01","passed","2026-06-01","","[DB] Users tests","org.rococo.tests.tests.fake.db.UserDbTest","canGetEmptyUserByUnknownUsernameTest"
"","393","Should returns BAD_REQUEST if password is invalid","","2026-06-01","passed","2026-06-01","","[API] Login tests","org.rococo.tests.tests.api.LoginApiTests","shouldReturnBadRequestIfPasswordIsInvalidTest"
"","329","Can register user with valid data","","2026-06-01","passed","2026-06-01","","[API] Registration tests","org.rococo.tests.tests.api.RegistrationApiTests","canRegisterUserWithValidDataTest"
"","5044","Check errors displayed if password has invalid pattern Case: [password not contains lowercase symbols]","","2026-06-01","passed","2026-06-01","","[WEB] Registration tests","org.rococo.tests.tests.web.RegistrationWebTests","shouldDisplayErrorsIfPasswordHasInvalidPatternTest"
"","373","Can get museum by title","","2026-06-01","passed","2026-06-01","","[API] Museums tests","org.rococo.tests.tests.api.MuseumApiTest","canGetMuseumByTitle"
"","9","Returns Optional.empty() if search artist by unknown id","","2026-06-01","passed","2026-06-01","","[DB] Artists tests","org.rococo.tests.tests.fake.db.ArtistDbTest","canGetEmptyArtistByUnknownIdTest"
"","289","Should throw CountryNotFoundException if update museum with unknown country","","2026-06-01","passed","2026-06-01","","[GRPC] Museums tests","org.rococo.tests.tests.fake.grpc.MuseumGrpcTest","shouldThrowCountryNotFoundExceptionIfUpdateMuseumWithUnknownCountryTest"
"","110","Can delete artist","","2026-06-01","passed","2026-06-01","","[DB] Artists tests","org.rococo.tests.tests.fake.db.ArtistDbTest","canDeleteArtistTest"
"","5615","Check errors displayed if registration data has invalid length Case: [min - 1]","","2026-06-01","passed","2026-06-01","","[WEB] Registration tests","org.rococo.tests.tests.web.RegistrationWebTests","shouldDisplayErrorsIfRegistrationDataLengthIsInvalidTest"
"","1901","Can get all artist paintings","","2026-06-01","passed","2026-06-01","","[API] Paintings tests","org.rococo.tests.tests.api.PaintingApiTest","canGetAllArtistPaintingsTest"
"","351","Can not update artist name to exist","","2026-06-01","passed","2026-06-01","","[DB] Artists tests","org.rococo.tests.tests.fake.db.ArtistDbTest","canNotUpdateArtistNameToExistTest"
"","277","Can not create user with exists username","","2026-06-01","passed","2026-06-01","","[GRPC] Users tests","org.rococo.tests.tests.fake.grpc.UserGrpcTest","canNotCreateUserWithExistsUsernameTest"
"","6","Can get all countries","","2026-06-01","passed","2026-06-01","","[DB] Paintings tests","org.rococo.tests.tests.fake.db.CountryDbTest","canGetAllCountriesTest"
"","1","Check displayed default empty list if museum not exists","","2026-06-01","failed","2026-06-01","","[WEB] Museums tests","org.rococo.tests.tests.web.MuseumsWebTest","shouldDisplayEmptyListWhenMuseumsNotExistsTest"
"","462","Can get museum by id","","2026-06-01","passed","2026-06-01","","[API] Museums tests","org.rococo.tests.tests.api.MuseumApiTest","canGetMuseumByIdTest"
"","2723","Should display bad credentials error, if sign in with unknown username","","2026-06-01","passed","2026-06-01","","[WEB] Login tests","org.rococo.tests.tests.web.LoginWebTest","shouldDisplayBadCredentialsErrorIfUsernameUnknownTest"
"","92","Should returns BAD_REQUEST if register with weak password","","2026-06-01","passed","2026-06-01","","[API] Registration tests","org.rococo.tests.tests.api.RegistrationApiTests","shouldReturnBadRequestIfPasswordIsWeakTest"
"","472","Can update museum","","2026-06-01","passed","2026-06-01","","[GRPC] Museums tests","org.rococo.tests.tests.fake.grpc.MuseumGrpcTest","canUpdateMuseumTest"
"","9225","Should update painting with correct data","","2026-06-01","failed","2026-06-01","","[WEB] Paintings tests","org.rococo.tests.tests.web.PaintingsWebTests","shouldUpdatePaintingWithCorrectDataTest"
"","64","Can get all countries","","2026-06-01","passed","2026-06-01","","[GRPC] Countries tests","org.rococo.tests.tests.fake.grpc.CountryGrpcTest","canGetAllCountriesTest"
"","200","Can get user by id","","2026-06-01","passed","2026-06-01","","[DB] Users tests","org.rococo.tests.tests.fake.db.UserDbTest","canGetUserByIdTest"
"","5422","Can get artist by name","","2026-06-01","passed","2026-06-01","","[API] Artists tests","org.rococo.tests.tests.api.ArtistApiTest","canGetArtistByName"
"","1019","Can not update painting name to exist","","2026-06-01","passed","2026-06-01","","[GRPC] Paintings tests","org.rococo.tests.tests.fake.grpc.PaintingGrpcTest","canNotUpdatePaintingNameToExistTest"
"","5","Returns Optional.empty() if search country by unknown id","","2026-06-01","passed","2026-06-01","","[DB] Paintings tests","org.rococo.tests.tests.fake.db.CountryDbTest","canGetEmptyCountryByUnknownIdTest"
"","1733","Can get all paintings","","2026-06-01","passed","2026-06-01","","[GRPC] Paintings tests","org.rococo.tests.tests.fake.grpc.PaintingGrpcTest","canGetAllPaintingsTest"
"","207","Can get user by username","","2026-06-01","passed","2026-06-01","","[DB] Users tests","org.rococo.tests.tests.fake.db.UserDbTest","canGetUserByUsername"
"","3414","Check displayed error if register by exists username","","2026-06-01","passed","2026-06-01","","[WEB] Registration tests","org.rococo.tests.tests.web.RegistrationWebTests","shouldNotRegisterIfUsernameExistsTest"
"","179","Can delete museum","","2026-06-01","passed","2026-06-01","","[DB] Museums tests","org.rococo.tests.tests.fake.db.MuseumDbTest","canDeleteMuseumTest"
"","220","Can update artist","","2026-06-01","passed","2026-06-01","","[DB] Artists tests","org.rococo.tests.tests.fake.db.ArtistDbTest","canUpdateArtistTest"
"","115","Should returns BAD_REQUEST if register with invalid length password Case: password length = 21","","2026-06-01","passed","2026-06-01","","[API] Registration tests","org.rococo.tests.tests.api.RegistrationApiTests","shouldReturnBadRequestIfPasswordLengthInvalidTest"
"","6","Throws exception if CountryCode = EMPTY","","2026-06-01","passed","2026-06-01","","[GRPC] Countries tests","org.rococo.tests.tests.fake.grpc.CountryGrpcTest","shouldThrowExceptionIfCountryCodeIsEmptyTest"
"","397","Can update artist","","2026-06-01","passed","2026-06-01","","[GRPC] Artists tests","org.rococo.tests.tests.fake.grpc.ArtistGrpcTest","canUpdateArtistTest"
"","3","Returns Optional.empty() if search country by unknown country code","","2026-06-01","passed","2026-06-01","","[DB] Paintings tests","org.rococo.tests.tests.fake.db.CountryDbTest","canGetEmptyCountryByUnknownCountryCodeTest"
"","5740","Check user creates if username length is valid Case: [min]","","2026-06-01","passed","2026-06-01","","[WEB] Registration tests","org.rococo.tests.tests.web.RegistrationWebTests","shouldRegisterUserIfRegistrationDataIsValidTest"
"","1699","Can get all artist paintings","","2026-06-01","passed","2026-06-01","","[GRPC] Paintings tests","org.rococo.tests.tests.fake.grpc.PaintingGrpcTest","canGetAllArtistPaintingsTest"
"","48","Returns Optional.empty() if search painting by unknown id","","2026-06-01","passed","2026-06-01","","[API] Paintings tests","org.rococo.tests.tests.api.PaintingApiTest","canGetEmptyPaintingByUnknownIdTest"
"","73","Should returns BAD_REQUEST if register with invalid length password Case: password length = 4","","2026-06-01","passed","2026-06-01","","[API] Registration tests","org.rococo.tests.tests.api.RegistrationApiTests","shouldReturnBadRequestIfPasswordLengthInvalidTest"
"","22014","Check painting creates if data length is valid Case: [min]","","2026-06-01","passed","2026-06-01","","[WEB] Paintings tests","org.rococo.tests.tests.web.PaintingsWebTests","shouldCreatePaintingWithValidLengthDataTest"
"","14646","Check error displayed on update painting form when uploading image with invalid format","","2026-06-01","failed","2026-06-01","","[WEB] Paintings tests","org.rococo.tests.tests.web.PaintingsWebTests","shouldDisplayErrorOnUpdatePaintingFormWhenUploadingInvalidImageFormat"
"","6979","Check museums found by filtered search","","2026-06-01","passed","2026-06-01","","[WEB] Museums tests","org.rococo.tests.tests.web.MuseumsWebTest","shouldFindMuseumsWithFilterTest"
"","14000","Check artist updates if data length is valid Case: [min]","","2026-06-01","passed","2026-06-01","","[WEB] Artists tests","org.rococo.tests.tests.web.ArtistsWebTest","shouldUpdateArtistWithValidLengthDataTest"
"","10299","Check displayed empty filtered list container if museum not founded by query","","2026-06-01","passed","2026-06-01","","[WEB] Museums tests","org.rococo.tests.tests.web.MuseumsWebTest","shouldDisplayMuseumAfterFilteringByNameTest"
"","49","Returns Optional.empty() if search user by unknown id","","2026-06-01","passed","2026-06-01","","[GRPC] Users tests","org.rococo.tests.tests.fake.grpc.UserGrpcTest","canGetEmptyUserByUnknownIdTest"
"","509","Can get user by id","","2026-06-01","passed","2026-06-01","","[API] Users tests","org.rococo.tests.tests.api.UserApiTest","canGetUserByIdTest"
"","1185","Can get all artist paintings","","2026-06-01","passed","2026-06-01","","[DB] Paintings tests","org.rococo.tests.tests.fake.db.PaintingDbTest","canGetAllArtistPaintingsTest"
"","463","Can delete painting","","2026-06-01","passed","2026-06-01","","[DB] Paintings tests","org.rococo.tests.tests.fake.db.PaintingDbTest","canDeletePaintingTest"
"","475","Can create artist","","2026-06-01","passed","2026-06-01","","[API] Artists tests","org.rococo.tests.tests.api.ArtistApiTest","canCreateArtistTest"
"","463","Should returns BAD_REQUEST if register with exists username","","2026-06-01","passed","2026-06-01","","[API] Registration tests","org.rococo.tests.tests.api.RegistrationApiTests","shouldReturnBadRequestIfRegisterWithExistsUsernameTest"
"","20181","Check errors visible on update museum form if fields have invalid data length Case: [max + 1]","","2026-06-01","broken","2026-06-01","","[WEB] Museums tests","org.rococo.tests.tests.web.MuseumsWebTest","shouldVisibleErrorsOnMuseumUpdateFormIfMuseumFieldsHaveInvalidDataLengthTest"
"","151","Should throw CountryNotFoundException if update museum with unknown country","","2026-06-01","passed","2026-06-01","","[GRPC] Museums tests","org.rococo.tests.tests.fake.grpc.MuseumGrpcTest","shouldThrowCountryNotFoundExceptionIfCreateMuseumWithUnknownCountryTest"
"","10412","Check errors visible on add new painting form if fields have greater than max characters length Case: [max + 10]","","2026-06-01","failed","2026-06-01","","[WEB] Paintings tests","org.rococo.tests.tests.web.PaintingsWebTests","shouldDisplayErrorsOnAddAristFormIfPaintingFieldsHaveGreaterThanMaxLengthTest"
"","374","Can delete user","","2026-06-01","passed","2026-06-01","","[GRPC] Users tests","org.rococo.tests.tests.fake.grpc.UserGrpcTest","canDeleteUserTest"
"","8668","Check add new artist button not exists without authorization","","2026-06-01","passed","2026-06-01","","[WEB] Artists tests","org.rococo.tests.tests.web.ArtistsWebTest","shouldNotAvailableAddArtistWithoutAuthorizationTest"
"","360","Can create museum","","2026-06-01","passed","2026-06-01","","[API] Museums tests","org.rococo.tests.tests.api.MuseumApiTest","canCreateMuseumTest"
"","72","Returns Optional.empty() if search country by unknown id","","2026-06-01","passed","2026-06-01","","[API] Countries tests","org.rococo.tests.tests.api.CountryApiTest","canGetEmptyCountryByUnknownIdTest"
"","15612","Should update artist with correct data","","2026-06-01","broken","2026-06-01","","[WEB] Artists tests","org.rococo.tests.tests.web.ArtistsWebTest","shouldUpdateArtistWithCorrectDataTest"
"","7","Can get country by code","","2026-06-01","passed","2026-06-01","","[DB] Paintings tests","org.rococo.tests.tests.fake.db.CountryDbTest","canGetCountryByCodeTest"
"","1618","Can update painting","","2026-06-01","failed","2026-06-01","","[API] Paintings tests","org.rococo.tests.tests.api.PaintingApiTest","canUpdatePaintingTest"
"","910","Returns Optional.empty() if search museum by unknown title","","2026-06-01","passed","2026-06-01","","[API] Museums tests","org.rococo.tests.tests.api.MuseumApiTest","canGetEmptyMuseumByUnknownTitleTest"
"","5724","Check error displayed on update artist form when uploading image with invalid format","","2026-06-01","passed","2026-06-01","","[WEB] Artists tests","org.rococo.tests.tests.web.ArtistsWebTest","shouldDisplayErrorOnUpdateArtistFormWhenUploadingInvalidImageFormat"
"","835","Returns Optional.empty() if search artist by unknown id","","2026-06-01","passed","2026-06-01","","[GRPC] Artists tests","org.rococo.tests.tests.fake.grpc.ArtistGrpcTest","canGetEmptyArtistByUnknownIdTest"
"","6033","Should register if user credentials is valid","","2026-06-01","passed","2026-06-01","","[WEB] Registration tests","org.rococo.tests.tests.web.RegistrationWebTests","shouldRegisterUserWithCorrectCredentialsTest"
"","827","Can delete painting","","2026-06-01","passed","2026-06-01","","[API] Paintings tests","org.rococo.tests.tests.api.PaintingApiTest","canDeletePaintingTest"
"","23777","Check errors visible on update museum form if fields have invalid data length Case: [min - 1]","","2026-06-01","passed","2026-06-01","","[WEB] Museums tests","org.rococo.tests.tests.web.MuseumsWebTest","shouldVisibleErrorsOnMuseumUpdateFormIfMuseumFieldsHaveInvalidDataLengthTest"
"","34163","Check museum creates if data length is valid Case: [max]","","2026-06-01","broken","2026-06-01","","[WEB] Museums tests","org.rococo.tests.tests.web.MuseumsWebTest","shouldCreateMuseumWithValidLengthDataTest"
"","7439","Check errors visible on add new artist form if fields have greater than max characters length Case: [min - 1]","","2026-06-01","passed","2026-06-01","","[WEB] Artists tests","org.rococo.tests.tests.web.ArtistsWebTest","shouldDisplayErrorsOnAddAristFormIfArtistFieldsHaveGreaterThanMaxLengthTest"
"","8524","Check add new museum button not exists without authorization","","2026-06-01","passed","2026-06-01","","[WEB] Museums tests","org.rococo.tests.tests.web.MuseumsWebTest","shouldNotAvailableAddMuseumWithoutAuthorizationTest"
"","464","Can get artist by id","","2026-06-01","passed","2026-06-01","","[API] Artists tests","org.rococo.tests.tests.api.ArtistApiTest","canGetArtistByIdTest"
"","5070","Check user creates if username length is valid Case: [max]","","2026-06-01","passed","2026-06-01","","[WEB] Registration tests","org.rococo.tests.tests.web.RegistrationWebTests","shouldRegisterUserIfRegistrationDataIsValidTest"
"","304","Can get museum by title","","2026-06-01","passed","2026-06-01","","[GRPC] Museums tests","org.rococo.tests.tests.fake.grpc.MuseumGrpcTest","canGetMuseumByTitle"
"","240","Can not update username","","2026-06-01","passed","2026-06-01","","[DB] Users tests","org.rococo.tests.tests.fake.db.UserDbTest","canNotUpdateArtistNameToExistTest"
"","5345","Check errors displayed if username has invalid pattern Case: [username starts and ends with valid special symbol]","","2026-06-01","passed","2026-06-01","","[WEB] Registration tests","org.rococo.tests.tests.web.RegistrationWebTests","shouldDisplayErrorsIfUsernameHasInvalidPatternTest"
"","288","Should returns BAD_REQUEST if register with invalid length password Case: password length = 0","","2026-06-01","passed","2026-06-01","","[API] Registration tests","org.rococo.tests.tests.api.RegistrationApiTests","shouldReturnBadRequestIfPasswordLengthInvalidTest"
"","6935","Check add new painting button not exists without authorization","","2026-06-01","passed","2026-06-01","","[WEB] Paintings tests","org.rococo.tests.tests.web.PaintingsWebTests","shouldNotAvailableAddPaintingWithoutAuthorizationTest"
"","7726","Check artists found by filtered search","","2026-06-01","passed","2026-06-01","","[WEB] Artists tests","org.rococo.tests.tests.web.ArtistsWebTest","shouldFindArtistsWithFilterTest"
"","5479","Check errors displayed if username has invalid pattern Case: [username contains invalid special]","","2026-06-01","passed","2026-06-01","","[WEB] Registration tests","org.rococo.tests.tests.web.RegistrationWebTests","shouldDisplayErrorsIfUsernameHasInvalidPatternTest"
"","179","Can delete user","","2026-06-01","passed","2026-06-01","","[DB] Users tests","org.rococo.tests.tests.fake.db.UserDbTest","canDeleteUserTest"
"","5419","Can not create artist with exists name","","2026-06-01","passed","2026-06-01","","[API] Artists tests","org.rococo.tests.tests.api.ArtistApiTest","canNotCreateArtistWithExistsNameTest"
"","5663","Check errors displayed if registration data has invalid length Case: [1]","","2026-06-01","passed","2026-06-01","","[WEB] Registration tests","org.rococo.tests.tests.web.RegistrationWebTests","shouldDisplayErrorsIfRegistrationDataLengthIsInvalidTest"
"","34","Can get country by id","","2026-06-01","passed","2026-06-01","","[GRPC] Countries tests","org.rococo.tests.tests.fake.grpc.CountryGrpcTest","canGetCountryByIdTest"
"","15334","Check errors visible on add new museum form if fields have greater than max characters length Case: [min - 1]","","2026-06-01","broken","2026-06-01","","[WEB] Museums tests","org.rococo.tests.tests.web.MuseumsWebTest","shouldDisplayErrorsOnAddAristFormIfMuseumFieldsHaveGreaterThanMaxLengthTest"
"","5422","Returns Optional.empty() if search artist by unknown id","","2026-06-01","passed","2026-06-01","","[API] Artists tests","org.rococo.tests.tests.api.ArtistApiTest","canGetEmptyArtistByUnknownIdTest"
"","172","Can not create painting with unknown museum","","2026-06-01","passed","2026-06-01","","[DB] Paintings tests","org.rococo.tests.tests.fake.db.PaintingDbTest","canNotCreatePaintingWithUnknownMuseumTest"
"","655","Can not update painting name to exist","","2026-06-01","passed","2026-06-01","","[DB] Paintings tests","org.rococo.tests.tests.fake.db.PaintingDbTest","canNotUpdatePaintingNameToExistTest"
"","0","Check displayed default empty list if painting not exists","","2026-06-01","failed","2026-06-01","","[WEB] Paintings tests","org.rococo.tests.tests.web.PaintingsWebTests","shouldDisplayEmptyListWhenPaintingsNotExistsTest"
"","291","Can get painting by title","","2026-06-01","passed","2026-06-01","","[DB] Paintings tests","org.rococo.tests.tests.fake.db.PaintingDbTest","canGetPaintingByTitleTest"
"","5","Returns Optional.empty() if search painting by unknown id","","2026-06-01","passed","2026-06-01","","[DB] Paintings tests","org.rococo.tests.tests.fake.db.PaintingDbTest","canGetEmptyPaintingByUnknownIdTest"
"","9689","Check displayed empty filtered list container if painting not founded by query","","2026-06-01","passed","2026-06-01","","[WEB] Paintings tests","org.rococo.tests.tests.web.PaintingsWebTests","shouldDisplayPaintingAfterFilteringByNameTest"
"","180","Can not create museum with exists title","","2026-06-01","passed","2026-06-01","","[GRPC] Museums tests","org.rococo.tests.tests.fake.grpc.MuseumGrpcTest","canNotCreateMuseumWithExistsTitleTest"
"","10076","Check update artist button not exists without authorization","","2026-06-01","passed","2026-06-01","","[WEB] Artists tests","org.rococo.tests.tests.web.ArtistsWebTest","shouldNotAvailableUpdateArtistWithoutAuthorizationTest"
"","366","Can update user","","2026-06-01","passed","2026-06-01","","[GRPC] Users tests","org.rococo.tests.tests.fake.grpc.UserGrpcTest","canUpdateUserTest"
"","305","Can get museum by id","","2026-06-01","passed","2026-06-01","","[GRPC] Museums tests","org.rococo.tests.tests.fake.grpc.MuseumGrpcTest","canGetMuseumByIdTest"
"","101","Should returns BAD_REQUEST if register with invalid length username Case: username length = 5","","2026-06-01","passed","2026-06-01","","[API] Registration tests","org.rococo.tests.tests.api.RegistrationApiTests","shouldReturnBadRequestIfUsernameLengthInvalidTest"
"","361","Can get country by id","","2026-06-01","passed","2026-06-01","","[API] Countries tests","org.rococo.tests.tests.api.CountryApiTest","canGetCountryByIdTest"
"","4269","Check errors displayed if password has invalid pattern Case: [password not contains uppercase symbols]","","2026-06-01","passed","2026-06-01","","[WEB] Registration tests","org.rococo.tests.tests.web.RegistrationWebTests","shouldDisplayErrorsIfPasswordHasInvalidPatternTest"
"","874","Can get all artist","","2026-06-01","passed","2026-06-01","","[GRPC] Artists tests","org.rococo.tests.tests.fake.grpc.ArtistGrpcTest","canGetAllArtistsTest"
"","320","Can not update museum name to exist","","2026-06-01","passed","2026-06-01","","[DB] Museums tests","org.rococo.tests.tests.fake.db.MuseumDbTest","canNotUpdateMuseumNameToExistTest"
"","629","Can not update painting with unknown artist","","2026-06-01","passed","2026-06-01","","[API] Paintings tests","org.rococo.tests.tests.api.PaintingApiTest","canNotUpdatePaintingWithUnknownArtistTest"
"","519","Can get all museum","","2026-06-01","passed","2026-06-01","","[API] Museums tests","org.rococo.tests.tests.api.MuseumApiTest","canGetAllMuseumsTest"
"","370","Can not create painting with unknown museum","","2026-06-01","passed","2026-06-01","","[DB] Paintings tests","org.rococo.tests.tests.fake.db.PaintingDbTest","canNotUpdatePaintingWithUnknownMuseumTest"
"","47","Returns Optional.empty() if search painting by unknown title","","2026-06-01","passed","2026-06-01","","[GRPC] Paintings tests","org.rococo.tests.tests.fake.grpc.PaintingGrpcTest","canGetEmptyPaintingByUnknownTitleTest"
"","136","Can create artist","","2026-06-01","passed","2026-06-01","","[GRPC] Artists tests","org.rococo.tests.tests.fake.grpc.ArtistGrpcTest","canCreateArtistTest"
"","618","Can not update painting with unknown artist","","2026-06-01","passed","2026-06-01","","[GRPC] Paintings tests","org.rococo.tests.tests.fake.grpc.PaintingGrpcTest","canNotUpdatePaintingWithUnknownArtistTest"
"","1014","Can get painting by id","","2026-06-01","passed","2026-06-01","","[API] Paintings tests","org.rococo.tests.tests.api.PaintingApiTest","canGetPaintingByIdTest"
"","12440","Check displayed empty filtered list container if artist not founded by query","","2026-06-01","passed","2026-06-01","","[WEB] Artists tests","org.rococo.tests.tests.web.ArtistsWebTest","shouldDisplayArtistAfterFilteringByNameTest"
"","6","Returns Optional.empty() if search museum by unknown title","","2026-06-01","passed","2026-06-01","","[DB] Museums tests","org.rococo.tests.tests.fake.db.MuseumDbTest","canGetEmptyMuseumByUnknownTitleTest"
"","11","Throws exception if CountryCode = EMPTY","","2026-06-01","passed","2026-06-01","","[API] Countries tests","org.rococo.tests.tests.api.CountryApiTest","shouldThrowExceptionIfCountryCodeIsEmptyTest"
"","213","Can not create artist with exists name","","2026-06-01","passed","2026-06-01","","[DB] Artists tests","org.rococo.tests.tests.fake.db.ArtistDbTest","canNotCreateArtistWithExistsNameTest"
"","468","Can not update museum name to exist","","2026-06-01","passed","2026-06-01","","[GRPC] Museums tests","org.rococo.tests.tests.fake.grpc.MuseumGrpcTest","canNotUpdateMuseumTitleToExistTest"
"","90","Should returns BAD_REQUEST if register with invalid length username Case: username length = 0","","2026-06-01","passed","2026-06-01","","[API] Registration tests","org.rococo.tests.tests.api.RegistrationApiTests","shouldReturnBadRequestIfUsernameLengthInvalidTest"
"","21146","Check museum creates if data length is valid Case: [min]","","2026-06-01","broken","2026-06-01","","[WEB] Museums tests","org.rococo.tests.tests.web.MuseumsWebTest","shouldCreateMuseumWithValidLengthDataTest"
"","392","Can update user","","2026-06-01","passed","2026-06-01","","[DB] Users tests","org.rococo.tests.tests.fake.db.UserDbTest","canUpdateUserTest"
"","7243","Check errors visible on add new artist form if fields have greater than max characters length Case: [1]","","2026-06-01","passed","2026-06-01","","[WEB] Artists tests","org.rococo.tests.tests.web.ArtistsWebTest","shouldDisplayErrorsOnAddAristFormIfArtistFieldsHaveGreaterThanMaxLengthTest"
"","9718","Check painting updates if data length is valid Case: [min]","","2026-06-01","failed","2026-06-01","","[WEB] Paintings tests","org.rococo.tests.tests.web.PaintingsWebTests","shouldUpdatePaintingWithValidLengthDataTest"
"","567","Can get all user","","2026-06-01","passed","2026-06-01","","[GRPC] Users tests","org.rococo.tests.tests.fake.grpc.UserGrpcTest","canGetAllUsersTest"
"","5488","Check errors displayed if password has invalid pattern Case: [password not contains special symbols]","","2026-06-01","passed","2026-06-01","","[WEB] Registration tests","org.rococo.tests.tests.web.RegistrationWebTests","shouldDisplayErrorsIfPasswordHasInvalidPatternTest"
"","588","Can update painting","","2026-06-01","passed","2026-06-01","","[DB] Paintings tests","org.rococo.tests.tests.fake.db.PaintingDbTest","canUpdatePaintingTest"
"","52","Returns Optional.empty() if search user by unknown username","","2026-06-01","passed","2026-06-01","","[GRPC] Users tests","org.rococo.tests.tests.fake.grpc.UserGrpcTest","canGetEmptyUserByUnknownUsernameTest"
"","519","Can get user by username","","2026-06-01","passed","2026-06-01","","[API] Users tests","org.rococo.tests.tests.api.UserApiTest","canGetUserByUsername"
"","950","Can not update painting name to exist","","2026-06-01","passed","2026-06-01","","[API] Paintings tests","org.rococo.tests.tests.api.PaintingApiTest","canNotUpdatePaintingNameToExistTest"
"","5104","Check errors displayed if registration data has invalid length Case: [max + 10]","","2026-06-01","passed","2026-06-01","","[WEB] Registration tests","org.rococo.tests.tests.web.RegistrationWebTests","shouldDisplayErrorsIfRegistrationDataLengthIsInvalidTest"
"","431","Can not update painting with unknown artist","","2026-06-01","passed","2026-06-01","","[DB] Paintings tests","org.rococo.tests.tests.fake.db.PaintingDbTest","canNotUpdatePaintingWithUnknownArtistTest"
"","370","Can update artist","","2026-06-01","passed","2026-06-01","","[API] Artists tests","org.rococo.tests.tests.api.ArtistApiTest","canUpdateArtistTest"
"","716","Can not update painting with unknown museum","","2026-06-01","passed","2026-06-01","","[GRPC] Paintings tests","org.rococo.tests.tests.fake.grpc.PaintingGrpcTest","canNotUpdatePaintingWithUnknownMuseumTest"
"","4","Returns Optional.empty() if search user by unknown id","","2026-06-01","passed","2026-06-01","","[DB] Users tests","org.rococo.tests.tests.fake.db.UserDbTest","canGetEmptyUserByUnknownIdTest"
"","12961","Check painting updates if data length is valid Case: [max]","","2026-06-01","failed","2026-06-01","","[WEB] Paintings tests","org.rococo.tests.tests.web.PaintingsWebTests","shouldUpdatePaintingWithValidLengthDataTest"
"","9451","Should add new painting with correct data","","2026-06-01","failed","2026-06-01","","[WEB] Paintings tests","org.rococo.tests.tests.web.PaintingsWebTests","shouldAddPaintingWithCorrectDataTest"
"","12131","Check errors visible on add new museum form if fields have greater than max characters length Case: [1]","","2026-06-01","broken","2026-06-01","","[WEB] Museums tests","org.rococo.tests.tests.web.MuseumsWebTest","shouldDisplayErrorsOnAddAristFormIfMuseumFieldsHaveGreaterThanMaxLengthTest"
"","410","Can delete museum","","2026-06-01","failed","2026-06-01","","[API] Museums tests","org.rococo.tests.tests.api.MuseumApiTest","canDeleteMuseumTest"
"","5307","Check errors displayed if username has invalid pattern Case: [username contains multiple specials in a row]","","2026-06-01","passed","2026-06-01","","[WEB] Registration tests","org.rococo.tests.tests.web.RegistrationWebTests","shouldDisplayErrorsIfUsernameHasInvalidPatternTest"
"","520","Returns Optional.empty() if search user by unknown username","","2026-06-01","passed","2026-06-01","","[API] Users tests","org.rococo.tests.tests.api.UserApiTest","canGetEmptyUserByUnknownUsernameTest"
"","6","Returns Optional.empty() if search museum by unknown id","","2026-06-01","passed","2026-06-01","","[DB] Museums tests","org.rococo.tests.tests.fake.db.MuseumDbTest","canGetEmptyMuseumByUnknownIdTest"
"","9824","Check errors visible on add new painting form if fields have greater than max characters length Case: [min - 1]","","2026-06-01","failed","2026-06-01","","[WEB] Paintings tests","org.rococo.tests.tests.web.PaintingsWebTests","shouldDisplayErrorsOnAddAristFormIfPaintingFieldsHaveGreaterThanMaxLengthTest"
"","8872","Check errors visible on add new painting form if image has invalid format","","2026-06-01","failed","2026-06-01","","[WEB] Paintings tests","org.rococo.tests.tests.web.PaintingsWebTests","shouldDisplayErrorOnAddPaintingFormWhenUploadingInvalidImageFormat"
"","3093","Should not register if password and confirmation password not equals","","2026-06-01","passed","2026-06-01","","[WEB] Registration tests","org.rococo.tests.tests.web.RegistrationWebTests","shouldNotRegisterIfPasswordAndConfirmationPasswordNotEqualsTest"
"","393","Should returns BAD_REQUEST if password and confirmPassword mismatch","","2026-06-01","passed","2026-06-01","","[API] Registration tests","org.rococo.tests.tests.api.RegistrationApiTests","shouldReturnBadRequestIfPasswordAndConfirmPasswordMismatchTest"
"","474","Can delete painting","","2026-06-01","passed","2026-06-01","","[GRPC] Paintings tests","org.rococo.tests.tests.fake.grpc.PaintingGrpcTest","canDeletePaintingTest"
"","4363","Should login by correct credentials","","2026-06-01","passed","2026-06-01","","[WEB] Login tests","org.rococo.tests.tests.web.LoginWebTest","shouldLoginWithCorrectCredentialsTest"
"","644","Can get all user","","2026-06-01","passed","2026-06-01","","[DB] Users tests","org.rococo.tests.tests.fake.db.UserDbTest","canGetAllUsersTest"
"","481","Can get all museum","","2026-06-01","passed","2026-06-01","","[DB] Museums tests","org.rococo.tests.tests.fake.db.MuseumDbTest","canGetAllMuseumsTest"
"","393","Can delete artist","","2026-06-01","passed","2026-06-01","","[API] Artists tests","org.rococo.tests.tests.api.ArtistApiTest","canDeleteArtistTest"
"","13469","Check artist creates if data length is valid Case: [max]","","2026-06-01","passed","2026-06-01","","[WEB] Artists tests","org.rococo.tests.tests.web.ArtistsWebTest","shouldCreateArtistWithValidLengthDataTest"
"","14067","Should add new museum with correct data","","2026-06-01","passed","2026-06-01","","[WEB] Museums tests","org.rococo.tests.tests.web.MuseumsWebTest","shouldAddMuseumWithCorrectDataTest"
"","7484","Check errors visible on add new artist form if fields have greater than max characters length Case: [max + 1]","","2026-06-01","passed","2026-06-01","","[WEB] Artists tests","org.rococo.tests.tests.web.ArtistsWebTest","shouldDisplayErrorsOnAddAristFormIfArtistFieldsHaveGreaterThanMaxLengthTest"
"","70","Should throw CountryNotFoundException if update museum with unknown country","","2026-06-01","passed","2026-06-01","","[DB] Museums tests","org.rococo.tests.tests.fake.db.MuseumDbTest","shouldThrowCountryNotFoundExceptionIfUpdateMuseumWithUnknownCountryTest"
"","3706","Should not login by incorrect credentials","","2026-06-01","passed","2026-06-01","","[WEB] Login tests","org.rococo.tests.tests.web.LoginWebTest","shouldDisplayBadCredentialsErrorIfPasswordIsIncorrectTest"
"","257","Can get user by id","","2026-06-01","passed","2026-06-01","","[GRPC] Users tests","org.rococo.tests.tests.fake.grpc.UserGrpcTest","canGetUserByIdTest"
"","9781","Check errors visible on update painting form if fields have greater than max characters length Case: [1]","","2026-06-01","failed","2026-06-01","","[WEB] Paintings tests","org.rococo.tests.tests.web.PaintingsWebTests","shouldVisibleErrorsOnPaintingUpdateFormIfPaintingFieldsHaveGreaterThanMaxLengthTest"
"","171","Can delete artist","","2026-06-01","passed","2026-06-01","","[GRPC] Artists tests","org.rococo.tests.tests.fake.grpc.ArtistGrpcTest","canDeleteArtistTest"
"","75","Returns Optional.empty() if search user by unknown id","","2026-06-01","passed","2026-06-01","","[API] Users tests","org.rococo.tests.tests.api.UserApiTest","canGetEmptyUserByUnknownIdTest"
"","60","Returns Optional.empty() if search museum by unknown title","","2026-06-01","passed","2026-06-01","","[GRPC] Museums tests","org.rococo.tests.tests.fake.grpc.MuseumGrpcTest","canGetEmptyMuseumByUnknownTitleTest"
"","362","Can not create museum if country not found","","2026-06-01","passed","2026-06-01","","[API] Museums tests","org.rococo.tests.tests.api.MuseumApiTest","canNotCreateMuseumIfCountryNotExistsTest"
"","162","Can delete museum","","2026-06-01","passed","2026-06-01","","[GRPC] Museums tests","org.rococo.tests.tests.fake.grpc.MuseumGrpcTest","canDeleteMuseumTest"
"","20503","Check errors visible on add new museum form if fields have greater than max characters length Case: [max + 10]","","2026-06-01","broken","2026-06-01","","[WEB] Museums tests","org.rococo.tests.tests.web.MuseumsWebTest","shouldDisplayErrorsOnAddAristFormIfMuseumFieldsHaveGreaterThanMaxLengthTest"
"","1864","Can get all paintings","","2026-06-01","passed","2026-06-01","","[API] Paintings tests","org.rococo.tests.tests.api.PaintingApiTest","canGetAllPaintingsTest"
"","169","Should returns BAD_REQUEST if register with invalid length username Case: username length = 31","","2026-06-01","passed","2026-06-01","","[API] Registration tests","org.rococo.tests.tests.api.RegistrationApiTests","shouldReturnBadRequestIfUsernameLengthInvalidTest"
"","413","Can login user with valid data","","2026-06-01","passed","2026-06-01","","[API] Login tests","org.rococo.tests.tests.api.LoginApiTests","canLoginUserWithValidDataTest"
"","1247","Can update painting","","2026-06-01","passed","2026-06-01","","[GRPC] Paintings tests","org.rococo.tests.tests.fake.grpc.PaintingGrpcTest","canUpdatePaintingTest"
"","436","Can not create painting with unknown museum","","2026-06-01","passed","2026-06-01","","[GRPC] Paintings tests","org.rococo.tests.tests.fake.grpc.PaintingGrpcTest","canNotCreatePaintingWithUnknownMuseumTest"
"","614","Can create painting","","2026-06-01","passed","2026-06-01","","[GRPC] Paintings tests","org.rococo.tests.tests.fake.grpc.PaintingGrpcTest","canCreatePaintingTest"
"","10","Returns Optional.empty() if search artist by unknown name","","2026-06-01","passed","2026-06-01","","[DB] Artists tests","org.rococo.tests.tests.fake.db.ArtistDbTest","canGetEmptyArtistByUnknownNameTest"
"","436","Can get all countries","","2026-06-01","passed","2026-06-01","","[API] Countries tests","org.rococo.tests.tests.api.CountryApiTest","canGetAllCountriesTest"
"","169","Can get museum by id","","2026-06-01","passed","2026-06-01","","[DB] Museums tests","org.rococo.tests.tests.fake.db.MuseumDbTest","canGetMuseumByIdTest"
"","175","Can get artist by id","","2026-06-01","passed","2026-06-01","","[GRPC] Artists tests","org.rococo.tests.tests.fake.grpc.ArtistGrpcTest","canGetArtistByIdTest"
"","12","Can get country by id","","2026-06-01","passed","2026-06-01","","[DB] Paintings tests","org.rococo.tests.tests.fake.db.CountryDbTest","canGetCountryByIdTest"
"","441","Can create painting","","2026-06-01","passed","2026-06-01","","[DB] Paintings tests","org.rococo.tests.tests.fake.db.PaintingDbTest","canCreatePaintingTest"
"","879","Can get painting by title","","2026-06-01","passed","2026-06-01","","[GRPC] Paintings tests","org.rococo.tests.tests.fake.grpc.PaintingGrpcTest","canGetPaintingByTitle"
"","147","Can get artist by name","","2026-06-01","passed","2026-06-01","","[DB] Artists tests","org.rococo.tests.tests.fake.db.ArtistDbTest","canGetArtistByName"
"","12855","Check artist creates if data length is valid Case: [min]","","2026-06-01","passed","2026-06-01","","[WEB] Artists tests","org.rococo.tests.tests.web.ArtistsWebTest","shouldCreateArtistWithValidLengthDataTest"
"","416","Can not create painting with exists name","","2026-06-01","passed","2026-06-01","","[DB] Paintings tests","org.rococo.tests.tests.fake.db.PaintingDbTest","canNotCreatePaintingWithExistsNameTest"
"","499","Can create painting","","2026-06-01","passed","2026-06-01","","[API] Paintings tests","org.rococo.tests.tests.api.PaintingApiTest","canCreatePaintingTest"
"","1015","Can not update museum if country not found","","2026-06-01","passed","2026-06-01","","[API] Museums tests","org.rococo.tests.tests.api.MuseumApiTest","canNotUpdateMuseumIfCountryNotExistsTest"
"","17618","Check errors visible on add new painting form if fields have greater than max characters length Case: [1]","","2026-06-01","broken","2026-06-01","","[WEB] Paintings tests","org.rococo.tests.tests.web.PaintingsWebTests","shouldDisplayErrorsOnAddAristFormIfPaintingFieldsHaveGreaterThanMaxLengthTest"
"","3","Returns Optional.empty() if search country by unknown country code","","2026-06-01","passed","2026-06-01","","[API] Countries tests","org.rococo.tests.tests.api.CountryApiTest","canGetEmptyCountryByUnknownCountryCodeTest"
"","638","Can not create painting with exists name","","2026-06-01","passed","2026-06-01","","[GRPC] Paintings tests","org.rococo.tests.tests.fake.grpc.PaintingGrpcTest","canNotCreatePaintingWithExistsNameTest"
"","507","Can get all artist","","2026-06-01","passed","2026-06-01","","[DB] Artists tests","org.rococo.tests.tests.fake.db.ArtistDbTest","canGetAllArtistsTest"
"","803","Can get all paintings","","2026-06-01","passed","2026-06-01","","[DB] Paintings tests","org.rococo.tests.tests.fake.db.PaintingDbTest","canGetAllPaintingsTest"
"","821","Can not create painting with exists name","","2026-06-01","passed","2026-06-01","","[API] Paintings tests","org.rococo.tests.tests.api.PaintingApiTest","canNotCreatePaintingWithExistsNameTest"
"","15426","Check painting creates if data length is valid Case: [max]","","2026-06-01","failed","2026-06-01","","[WEB] Paintings tests","org.rococo.tests.tests.web.PaintingsWebTests","shouldCreatePaintingWithValidLengthDataTest"
"","852","Can get all artist","","2026-06-01","passed","2026-06-01","","[API] Artists tests","org.rococo.tests.tests.api.ArtistApiTest","canGetAllArtistsTest"
"","12843","Should add new artist with correct data","","2026-06-01","passed","2026-06-01","","[WEB] Artists tests","org.rococo.tests.tests.web.ArtistsWebTest","shouldAddArtistWithCorrectDataTest"
"","819","Can get painting by title","","2026-06-01","passed","2026-06-01","","[API] Paintings tests","org.rococo.tests.tests.api.PaintingApiTest","canGetPaintingByTitle"
"","142","Should throw CountryNotFoundException if create museum with unknown country","","2026-06-01","passed","2026-06-01","","[API] Museums tests","org.rococo.tests.tests.api.MuseumApiTest","shouldThrowCountryNotFoundExceptionIfCreateMuseumWithUnknownCountryTest"
"","33","Returns Optional.empty() if search museum by unknown id","","2026-06-01","passed","2026-06-01","","[GRPC] Museums tests","org.rococo.tests.tests.fake.grpc.MuseumGrpcTest","canGetEmptyMuseumByUnknownIdTest"
"","12540","Check errors visible on update painting form if fields have greater than max characters length Case: [max + 1]","","2026-06-01","failed","2026-06-01","","[WEB] Paintings tests","org.rococo.tests.tests.web.PaintingsWebTests","shouldVisibleErrorsOnPaintingUpdateFormIfPaintingFieldsHaveGreaterThanMaxLengthTest"
"","30","Returns Optional.empty() if search painting by unknown id","","2026-06-01","passed","2026-06-01","","[GRPC] Paintings tests","org.rococo.tests.tests.fake.grpc.PaintingGrpcTest","canGetEmptyPaintingByUnknownIdTest"
"","11408","Check errors visible on add new museum form if fields have greater than max characters length Case: [max + 1]","","2026-06-01","passed","2026-06-01","","[WEB] Museums tests","org.rococo.tests.tests.web.MuseumsWebTest","shouldDisplayErrorsOnAddAristFormIfMuseumFieldsHaveGreaterThanMaxLengthTest"
"","57","Should throw CountryNotFoundException if create museum with unknown country","","2026-06-01","passed","2026-06-01","","[DB] Museums tests","org.rococo.tests.tests.fake.db.MuseumDbTest","shouldThrowCountryNotFoundExceptionIfCreateMuseumWithUnknownCountryTest"
"","9877","Check error displayed on update museum form when uploading image with invalid format","","2026-06-01","passed","2026-06-01","","[WEB] Museums tests","org.rococo.tests.tests.web.MuseumsWebTest","shouldDisplayErrorOnUpdateMuseumFormWhenUploadingInvalidImageFormat"
"","276","Can not create painting with unknown artist","","2026-06-01","passed","2026-06-01","","[DB] Paintings tests","org.rococo.tests.tests.fake.db.PaintingDbTest","canNotCreatePaintingWithUnknownArtistTest"
"","247","Can create user","","2026-06-01","passed","2026-06-01","","[DB] Users tests","org.rococo.tests.tests.fake.db.UserDbTest","canCreateUserTest"
"","260","Can get artist by id","","2026-06-01","passed","2026-06-01","","[DB] Artists tests","org.rococo.tests.tests.fake.db.ArtistDbTest","canGetArtistByIdTest"
"","69","Can create museum","","2026-06-01","passed","2026-06-01","","[DB] Museums tests","org.rococo.tests.tests.fake.db.MuseumDbTest","canCreateMuseumTest"
"","12870","Check errors visible on update artist form if fields have greater than max characters length Case: [max + 1]","","2026-06-01","passed","2026-06-01","","[WEB] Artists tests","org.rococo.tests.tests.web.ArtistsWebTest","shouldVisibleErrorsOnArtistUpdateFormIfArtistFieldsHaveGreaterThanMaxLengthTest"
"","331","Can get country by code","","2026-06-01","passed","2026-06-01","","[API] Countries tests","org.rococo.tests.tests.api.CountryApiTest","canGetCountryByCodeTest"
"","4585","Should log out","","2026-06-01","passed","2026-06-01","","[WEB] Login tests","org.rococo.tests.tests.web.LoginWebTest","canLogOutTest"
"","270","Can create museum","","2026-06-01","passed","2026-06-01","","[GRPC] Museums tests","org.rococo.tests.tests.fake.grpc.MuseumGrpcTest","canCreateMuseumTest"
"","21","Returns Optional.empty() if search artist by unknown name","","2026-06-01","passed","2026-06-01","","[GRPC] Artists tests","org.rococo.tests.tests.fake.grpc.ArtistGrpcTest","canGetEmptyArtistByUnknownNameTest"
"","499","Can get painting by id","","2026-06-01","passed","2026-06-01","","[DB] Paintings tests","org.rococo.tests.tests.fake.db.PaintingDbTest","canGetPaintingByIdTest"
"","9466","Check errors visible on update artist form if fields have greater than max characters length Case: [1]","","2026-06-01","passed","2026-06-01","","[WEB] Artists tests","org.rococo.tests.tests.web.ArtistsWebTest","shouldVisibleErrorsOnArtistUpdateFormIfArtistFieldsHaveGreaterThanMaxLengthTest"
"","416","Can not create user with exists username","","2026-06-01","passed","2026-06-01","","[DB] Users tests","org.rococo.tests.tests.fake.db.UserDbTest","canNotCreateUserWithExistsUsernameTest"
